clinical_id,disease,gene,variant,updated_at
1,先天性无痛无汗症（CIPA）,NTRK1,NM_002529.3(NTRK1):c.[44G>A];[1945C>T],20200821
2,成骨不全症（OI）,COL1A1,NM_000088.3(COL1A1):c.769G>A,20200821
3,Duchenne肌营养不良（DMD）,DMD,NM_004006.2(DMD):c.[EX46_47del];[0],20200821
4,寻常型鱼鳞病（IV）,FLG,NM_002016.1(FLG):c.3321delA,20200821
5,多囊肾病1型（PKD1）,PKD1,NM_001009944.2(PKD1):c.3670G>T,20200821
6,Wiskott-Aldrich综合征（WAS）,WAS,NM_000377.2(WAS):c.[1378C>T;EX1_2del],20200821
7,粘多糖贮积症II型（MPS2）,IDS,NM_000202.6(IDS):c.[EX7_8del];[0],20200821
8,常染色体隐性多囊肾病（ARPKD）,PKHD1,-,20200821
9,ADA缺陷性严重联合免疫缺陷病 (ADA-SCID),ADA,NM_000022.2(ADA):c.[646G>A];[704G>A],20200821
10,智力低下,16p13.11/2q37.2-37.3,,20200821
11,脊髓型肌萎缩症（SMA）,SMN1,NM_000344.3(SMN1):c.[EX7del];[EX7del],20200821
12,Duchenne肌营养不良（DMD）,DMD,NM_004006.2(DMD):c.[EX45_51del];[0],20200821
13,多发性外生性骨疣I型（EXT1）,EXT1,NM_000127.2(EXT1):c.1164+1G>A,20200821
14,Duchenne肌营养不良（DMD）,,-,20200821
15,X-连锁严重联合免疫缺陷（X-SCID）,IL2RG,NM_000206.2(IL2RG):c.[250A>G];[0],20200821
16,蚕豆病,,-,20200821
17,多囊肾病1型（PKD1）,PKD1,NM_001009944.2(PKD1):c.12448C>T,20200821
18,Wilson病（WND）,ATP7B,NM_000053.3(ATP7B):c.[2975C>T];[3605C>G],20200821
19,智力障碍（ID）,GRIN2B,NM_000834.3(GRIN2B):c.2450A>G,20200821
20,多囊肾病1型（PKD1）,PKD1,NM_001009944.2(PKD1):c.7288C>T,20200821
21,耳聋,GJB2/SLC26A4,NM_004004.5(GJB2):c.[235delC];[235delC]+NM_000441.1(SLC26A4):c.[1286C>A];[1751C>T],20200821
22,假性软骨发育不全（PSACH）,COMP,NM_000095.2(COMP):c.1447delinsTCCT,20200821
23,Wiskott-Aldrich综合征（WAS）,WAS,NM_000377.2(WAS):c.[1338+1G>A];[0],20200821
24,X-连锁鱼鳞病（XLI）,STS,NM_000351.4(STS):c.[EX1_10del];[0],20200821
25,先天性无痛无汗症（CIPA）,NTRK1,NM_002529.3(NTRK1):c.[963delG];[851-33T>A],20200821
26,X-连锁严重联合免疫缺陷（X-SCID）,IL2RG,NM_000206.2(IL2RG):c.[509T>A];[0],20200821
27,脊髓性肌萎缩症（SMA）,SMN1,NM_000344.3(SMN1):c.[EX7del];[EX7del],20200821
28,枫糖尿病Ia型（MSUD-Ia）,BCKDHA,NM_000709.3(BCKDHA):c.[308T>C];[794G>C],20200821
29,常染色体隐性多囊肾病（ARPKD）,PKHD1,NM_138694.3(PKHD1):c.[8518C>T];[EX19del],20200821
30,Wilson病（WND）,ATP7B,NM_000053.3(ATP7B):c.[2333G>T];[3809A>G],20200821
31,多囊肾病1型（PKD1）,PKD1,NM_001009944.2(PKD1):c.9578C>T,20200821
32,变异分类后取消检测,LRBA,xc.[6667+5C>A];[7016G>A],20200821
33,眼皮肤白化病I型（OCA1）,TYR,NM_000372.4(TYR):c.[832C>T];[1199G>T],20200821
34,结节性硬化症1型（TSC1）,TSC1,NM_000368.4(TSC1):c.2503-2delA,20200821
35,脊髓性肌萎缩症（SMA）,SMN1,NM_000344.3(SMN1):c.[EX7_8del];[EX7_8del],20200821
36,肾上腺脑白质营养不良（ALD）,ABCD1,NM_000033.3(ABCD1):c.[1850G>A];[0],20200821
37,Cornelia de Lange综合征2型（CdLS2）,SMC1A,NM_006306.3(SMC1A):c.[2342G>A];[0],20200821
38,Loeys-Dietz综合征1型（LDS1）,TGFBR1 ,NM_004612.3(TGFBR1):c.1460G>A,20200821
39,Duchenne肌营养不良（DMD）,DMD,NM_004006.2(DMD):c.[EX45_48del];[0],20200821
40,遗传性压迫易感性神经病（HNPP）,PMP22,NM_000304.3(PMP22):c.EX1_5del,20200821
41,α-地中海贫血,HBA1/HBA2,(αα/--SEA)/(αα/-α3.7),20200821
42,X-连锁Alport综合征（XLAS）,COL4A5,LRG_232t1(COL4A5):c.1779+1G>A,20200821
43,马凡氏综合征（MFS）,FBN1,NM_000138.4(FBN1):c.4955G>A,20200821
44,戊二酸血症1型（GA-1）,GCDH,NM_000159.3(GCDH):c.[416C>G];[1244-2A>C],20200821
45,X-连锁Alport综合征（XLAS）,COL4A5,LRG_232t1(COL4A5):c.1834G>C,20200821
46,Leber先天性黑矇10型（LCA10）,CEP290,NM_025114.3(CEP290):c.[1645C>T];[4661_4663delAAG],20200821
47,Alagille综合征1型（ALGS1）,JAG1,NG_007496.1(JAG1):c.2917-8C>A,20200821
48,常染色体隐性多囊肾病（ARPKD）,PKHD1,xc.11314C>T;c.10445G>A;c.9472A>G,20200821
49,Omenn综合征,RAG1,xc.2459A>G,20200821
50,致死性发育异常1型（TD1）,FGFR3,NM_000142.4(FGFR3):c.1118A>G,20200821
51,X-连锁无丙种球蛋白血症1型（XLA1）,BTK,NM_000061.2(BTK):c.[371G>A];[0],20200821
52,亚历山大病（ALXDRD）,GFAP,NM_002055.4(GFAP):c.236G>A,20200821
53,肢带型肌营养不良2B型（LGMD2B）,DYSF,NM_003494.3(DYSF):c.[1375dup];[5570A>C],20200821
54,家族性高胆固醇血症（FH）,LDLR,NM_000527.4(LDLR):c.1448G>A,20200821
55,糖原累积症Ia型（GSD1A）,G6PC,NM_000151.3(G6PC):c.[648G>T];[=],20200821
56,X连锁淋巴增殖综合征1型（XLP1）,SH2D1A,NM_002351.4(SH2D1A):c.[251_255delTTTCA];[=],20200821
57,多发性内分泌腺瘤2型（MEN2）,RET,NM_020975.4(RET):c.1901G>A,20200821
58,多囊肾病1型（PKD1）,PKD1,NM_001009944.2(PKD1):c.350T>C,20200821
59,无虹膜症（AN）,PAX6,NM_000280.4(PAX6): c.120C>A,20200821
60,致死性发育异常1型（TD1）,FGFR3,NM_000142.4(FGFR3):c.742C>T,20200821
61,常染色体隐性Alport综合征（ARAS）,CLO4A4,NM_000092.4(COL4A4):c.[659del];[=],20200821
62,Duchenne肌营养不良（DMD）,DMD,NM_004006.2(DMD):c.[2656C>T];[0],20200821
63,多囊肾病1型（PKD1）,PKD1,NM_001009944.2(PKD1):c.1987C>T,20200821
64,耳聋,GJB2,NM_004004.5(GJB2):c.[109G>A];[109G>A],20200821
65,脊髓性肌萎缩症（SMA）,SMN1,NM_000344.3(SMN1):c.[551-552insA];[EX7del],20200821
66,Duchenne肌营养不良（DMD）,DMD,NM_004006.2(DMD):c.[6429G>A];[0],20200821
67,遗传性乳腺癌和卵巢癌综合征（HBOC）,BRCA2,NM_000059.3(BRCA2):c.6986C>T,20200821
68,X-连锁严重联合免疫缺陷（X-SCID）,IL2RG,NM_000206.2(IL2RG):c.202G>A,20200821
69,耳聋,SLC17A8,"	NM_139319.2(SLC17A8):c.1120G>T",20200821
70,携带者检测,CYBB,c.1210_1212dup,20200821
71,Duchenne肌营养不良（DMD）,DMD,NM_004006.2(DMD):c.[5922+5G>T];[5139A>T],20200821
72,ADA缺陷性严重联合免疫缺陷病 (ADA-SCID),ADA,NM_000022.2(ADA):c.[747dupT];[905C>T],20200821
73,马凡氏综合征（MFS）,FBN1,NM_000138.4(FBN1):c.4469A>C,20200821
74,肾消耗病3型 (Nephronophthisis 3),NPHP3,xc.2719-2720insGCTGAGTT/c.3697-7del,20200821
75,结节性硬化症2型（TSC2）,TSC2,NM_000548.3(TSC2):c.894del,20200821
76,眼皮肤白化病I型（OCA1）,TYR,NM_000372.4(TYR):c.[230G>A];[929dup],20200821
77,X-连锁无丙种球蛋白血症1型（XLA1）,BTK,NM_000061.2(BTK):c.[EX11-15del];[0],20200821
78,粘多糖贮积症IIIA型（MPS3A）,SGSH,NM_000199.3(SGSH):c.[302T>C];[302T>C],20200821
79,寻常型鱼鳞病（IV）,FLG,NM_002016.1(FLG):c.10624delG,20200821
80,寻常型鱼鳞病（IV）,FLG,NM_002016.1(FLG):c.[3321del];[7945del],20200821
81,多囊肾病1型（PKD1）,PKD1,NM_001009944.2(PKD1):c.12646C>T,20200821
82,神经纤维瘤病I型（NF1）,NF1,NM_000267.3(NF1):c.3250_3254dup,20200821
83,主动脉瓣上狭窄（SVAS）,ELN,NM_001278939.1(ELN):c.1708C>T,20200821
84,Omenn综合征,RAG2,NM_000536.3(RAG2):c.[104G>C];[1295C>T],20200821
85,耳聋,GJB2,NM_004004.5(GJB2):c.[235del];[508_511dup],20200821
86,α-地中海贫血,HBA1/HBA2,,20200821
87,粘多糖贮积症I型（MPS1）,IDUA,NM_000203.3(IDUA):c.[536C>G];[1598C>T],20200821
88,高IgM免疫缺陷1型（HIGM1）,CD40LG,NM_000074.2(CD40LG):c.[676G>A];[0],20200821
89,卵巢早衰（POF）,DIAPH2,NM_006729.4(DIAPH2):c.3272G>A,20200821
90,幽门闭锁性大疱性表皮松解症（EB-PA）,ITGB4,NM_001005731.2(ITGB4):c.[754C>T];[754C>T],20200821
91,Nagashima型掌跖角化症（PPKN）,SERPINB7,NM_003784.3(SERPINB7):c.[522dup];[796C>T],20200821
92,复合氧化磷酸化缺陷11 型（COXPD11）,RMND1,NM_017909.3(RMND1):c.[67C>T];[265C>T],20200821
93,神经纤维瘤病I型（NF1）,NF1,NM_000267.3(NF1):c.6789_6792del,20200821
94,结节性硬化症2型（TSC2）,TSC2,NM_000548.3(TSC2):c.4752delG,20200821
95,Kabuki综合征2型（KABUK2）,KDM6A,NM_021140.2(KDM6A):c.3521G>A,20200821
96,眼皮肤白化病I型（OCA1）,TYR,NM_000372.4(TYR):c.[346C>T];[896G>A],20200821
97,非霍奇金淋巴瘤,MSH2,NM_000251.2(MSH2):c.2223A>C,20200821
98,Emery-Dreifuss肌营养不良2型（EDMD2）,LMNA,NM_170707.3(LMNA):c.1580G>C,20200821
99,Leber先天性黑矇1型,GUCY2D,NM_000180.3(GUCY2D):c.[2783G>A];[2783G>A],20200821
100,Duchenne肌营养不良（DMD）,DMD,NM_004006.2(DMD):c.[4729C>T];[0],20200821
101,手指末端畸形，并指,,,20200821
102,蚕豆病、高胆红素血症,G6PD/UGT1A1,NM_000402.4(G6PD):c.678C>G+NM_000463.2(UGT1A1):c.211G>A,20200821
103,黏脂贮积症II α/β型（ML II α/β）,GNPTAB,NM_024312.4(GNPTAB):c.[99del];[2533C>T],20200821
104,脑铁累积性神经变性2A型（NBIA2A）,PLA2G6,NM_003560.2(PLA2G6):c.[1077G>A];[1077G>A],20200821
105,X-连锁Alport综合征（XLAS）,COL4A5,LRG_232t1(COL4A5):c.2062C>T,20200821
106,多囊肾病2型（PKD2）,PKD2,NG_008604.1(PKD2):c.595_595+14del,20200821
107,神经纤维瘤病I型（NF1）,NF1,NM_000267.3(NF1):c.1466A>G,20200821
108,Leri-Weill软骨发育不良（LWD）,SHOX,NG_009385.2(SHOX):c.633+2T>C,20200821
109,马凡氏综合征（MFS）,FBN1,NG_008805.2(FBN1):c.4210+1G>A,20200821
110,Schaaf-Yang 综合征（SHFYNG）,MAGEL2,NM_019066.4(MAGEL2):c.2895G>A,20200821
111,血友病B（HEMB）,F9,NM_000133.3(F9):c.[881G>A];[0],20200821
112,乳腺癌,-,-,20200821
113,脆性X综合征,FMR1,NM_002024.5(FMR1):c.[-128_-126[(30)]];[-128_-126[(79)]],20200821
114,骨骼发育不良,EVC2,NM_147127.4(EVC2):c.[1014_1015del];[2263C>T],20200821
115,X连锁免疫失调-多内分泌病变-肠病（IPEX）,FOXP3,NM_014009.3(FOXP3):c.[1010G>A];[0],20200821
116,丙酮酸激酶缺乏症,PKLR,NM_000298.5(PKLR):c.[488G>T];[1607G>A],20200821
117,Dent病1型,CLCN5,NM_000084.4(CLCN5):c.[638C>T];[0],20200821
118,胎儿骨发育异常可能,FLNB,NM_001164317.1(FLNB):c.[2183C>T];[7553C>T],20200821
119,α-地中海贫血,HBA1/HBA2,αα/--SEA,20200821
120,Wiskott-Aldrich综合征（WAS）,WAS,NM_000377.2(WAS):c.[400G>A];[0],20200821
121,鸟氨酸氨甲酰转移酶缺乏症,OTC,NG_008471.1(OTC):c.[663+1G>A];[0],20200821
122,双侧额顶叶多小脑回畸形（BFPP）,ADGRG1,NM_001145771.2(ADGRG1):c.[215del];[280T>G],20200821
123,T- B+ NK+型严重联合免疫缺陷 (T- B+ NK+ SCID),IL7R,NM_002185.3(IL7R):c.[64dup];[361dup],20200821
124,氨甲酰磷酸合成酶I缺乏症,CPS1,NM_001875.4(CPS1):c.[1799G>A];[4088_4099del],20200821
125,Li-Fraumeni综合征1型 (LFS1),TP53,NM_000546.5(TP53):c.685dup,20200821
126,遗传性乳腺癌和卵巢癌综合征（HBOC）,BRCA1,NM_007294.3(BRCA1):c.5470_5477del,20200821
127,心面皮综合征1 型（CFC1）,BRAF,NM_004333.4(BRAF):c.1741A>G,20200821
128,多发性外生性骨疣I型（EXT1）,EXT1,NM_002185.3(EXT1):c.1536+1G>A,20200821
129,常染色体隐性骨硬化病1型 (OPTB1),TCIRG1,NM_006019.3(TCIRG1):c.[909C>A];[2008C>T],20200821
130,神经纤维瘤病I型（NF1）,NF1,NM_000267.3(NF1):c.549_552del,20200821
131,结节性硬化症1型 (TSC1),TSC1,NM_000368.4(TSC1):c.2283C>A,20200821
132,甲基丙二酸尿症MUT缺陷型,MUT,NM_000255.3(MUT):c.[729_730insTT];[1280G>A],20200821
133,Fanconi贫血互补群A（FANCA）,FANCA,NM_000135.2(FANCA):c.[989_995del];[3971C>T],20200821
134,X连锁淋巴增殖综合征1 型（XLP1）,SH2D1A,NM_002351.4(SH2D1A):c.192G>A,20200821
135,Omenn综合征,RAG2,NM_000536.3(RAG2):c.[104G>T];[104G>T],20200821
136,肾上腺脑白质营养不良（ALD）,ABCD1,NM_000033.3(ABCD1):c.1538A>G,20200821
137,多囊肾病1型（PKD1）,PKD1,NM_001009944.2(PKD1):c.6583_6589del,20200821
138,耳聋,GJB2,NM_004004.5(GJB2):c.[235del];[235del],20200821
139,Duchenne肌营养不良（DMD）,DMD,NG_012232.1(DMD):c.[826_831+1delinsTCTA];[0],20200821
140,眼皮肤白化病I型（OCA1）,TYR,NM_000372.4(TYR):c.[157G>T];[297C>G],20200821
141,线粒体肌病-脑病-乳酸中毒-卒中样发作综合征（MELAS）,MTTL1,NC_012920.1(MTTL1):m.3302A>G,20200821
142,Angelman综合征（AS）,UBE3A,NM_130838.1(UBE3A):c.2142dup,20200821
143,血友病A型（HEMA）,F8,NM_000132.3(F8):c.3637del,20200821
144,假阴道会阴阴囊性尿道下裂（PPSH）,SRD5A2,NM_000384.3(SRD5A2):c.[607G>A];[680G>A],20200821
145,X连锁智力障碍-低张力面容综合征1型（MRXHF1）,ATRX,NM_000489.4(ATRX):c.4861A>G,20200821
146,先天性全身脂肪营养不良Ⅱ型(CGL2),BSCL2,NM_001122955.3(BSCL2):c.[405-11A>G];[EX2 del],20200821
147,精氨酰琥珀酸尿症,ASL,NM_000048.3(ASL):c.[2T>A];[446+1G>A],20200821
148,视神经萎缩1型（OPA1）,OPA1,NM_015560.2(OPA1):c.1198C>G,20200821
149,神经纤维瘤病I型（NF1）,NF1,NM_000267.3(NF1):c.7258+1G>A,20200821
150,大疱性表皮松懈症（EB）,COL7A1,NM_000094.3(COL7A1):c.[4089del];[6474_6475insCCTGGCT],20200821
151,多发性外生性骨疣II型（EXT2）,EXT2,NM_207122.1(EXT2):c.726-2_729delinsT,20200821
152,肢带型肌营养不良2B型（LGMD2B）,DYSF,NM_001130987.1(DYSF):c.[4254dup];[3034T>C],20200821
153,极长链酰基辅酶A脱氢酶缺陷症,ACADVL,NM_000018.3(ACADVL):c.[779C>T];[1269+1G>C],20200821
154,血友病A型（HEMA）,F8,NM_000132.3(F8):c.2097G>A,20200821
155,脆性X综合征,FMR1,NM_002024.5(FMR1):c.[-128_-126[(450)]];[0],20200821
156,Van der Woude综合征1型,IRF6,NM_006147.3(IRF6):c.11del,20200821
157,1p36微缺失综合征,-,arr[hg19] 1p36.33p36.22(849466-10017421)x1,20200821
158,Leber先天性黑矇1型（LCA1）,GUCY2D,NM_000180.3(GUCY2D):c.[835G>A];[1477del],20200821
159,白化病,TYR,NM_000372.4(TYR):c.[896G>A];[929dup],20200821
160,"白内障2,多种类型（CTRCT2）",CRYGC,,20200821
161,多发性先天异常-张力过低-癫痫综合征2型（MCAHS2）,PIGA,NM_002641.3(PIGA):c.[98A>G];[0],20200821
162,婴儿肌张力过低伴精神运动发育迟滞和特殊面容2型（IHPRF2）,UNC80,NM_032504.1(UNC80):c.[4963C>T];[8385C>G],20200821
163,幼婴癫痫性脑病6型（EIEE6）,SCN1A,NM_001165963.1(SCN1A):c.1154A>T,20200821
164,Nance-Horan 综合征(NHS),NHS,,20200821
165,眼皮肤白化病I型（OCA1）,TYR,NM_000372.4(TYR):c.[929dup];[929dup],20200821
166,X-连锁Alport综合征（XLAS）,COL4A5,LRG_232t1(COL4A5):c.4198_4198+6del,20200821
167,LIG4综合征,LIG4,NM_002312.3(LIG4):c.[833G>T];[1271_1275del],20200821
168,17-α-羟化酶缺乏型先天性肾上腺增生,CYP17A1,,20200821
169,常染色体隐性多囊肾病（ARPKD）,PKHD1,NM_138694.3(PKHD1):c.[1123C>T];[2947T>C],20200821
170,白内障/高胆固醇血症,,,20200821
171,鸟氨酸氨甲酰转移酶缺乏症（OTCD）,OTC,NM_000531.5(OTC):c.(?_-1)_(*1_?)del,20200821
172,糖原累积症,G6PC,,20200821
173,视网膜色素变性19,ABCA4,NM_000350.2(ABCA4):c.1017G>A,20200821
174,神经纤维瘤病I型（NF1）,NF1,NM_000267.3(NF1):c.4537C>T,20200821
175,视网膜色素变性,CNGA1,NM_000087.3(CNGA1):c.265del,20200821
176,白化病,TYR,NM_000372.4(TYR):c.[230_232dup];[896G>A],20200821
177,Duchenne肌营养不良（DMD）,DMD,NM_004006.2(DMD):c.193delinsCA,20200821
178,Wilson病（WND）,ATP7B,NM_000053.3(ATP7B):c.[4003G>C];[2333G>T],20200821
179,软骨发育不全II型（ACG2）,COL2A1,NM_001844.4(COL2A1):c.1376G>A,20200821
180,鱼鳞病,STS,,20200821
181,幼婴癫痫性脑病6型（EIEE6）,SCN1A,NM_001165963.1(SCN1A):c.4484del,20200821
182,鱼鳞病,STS,,20200821
183,视网膜色素变性3型（RP3）,RPGR,NM_000328.2(RPGR):c.1477del,20200821
184,视力异常,ROM1,,20200821
185,多囊肾病1型（PKD1）,PKD1,NM_001009944.2(PKD1):c.8791G>A,20200821
186,T- B+ NK+常染色体隐性严重联合免疫缺陷,IL7R,LRG_74t1(IL7R):c.[354C>A];[537+1G>A],20200821
187,先天性杆状体肌病,NEB,NM_001271208.1(NEB):c.[18676C>T];[3879+1G>A],20200821
188,X-连锁严重联合免疫缺陷（X-SCID）,IL2RG,NM_000206.2(IL2RG):c.718T>C,20200821
189,眼皮肤白化病II型（OCA2）,OCA2,NM_000275.2(OCA2):c.[2195C>G];[2363C>T],20200821
190,成骨不全征（OI）,COL1A1,NM_000088.3(COL1A1):c.2461G>A,20200821
191,短肋胸廓发育不良3型伴或不伴多指/趾畸形,DYNC2H1,NM_001080463.1(DYNC2H1):c.[8190G>T];[9389_9390del],20200821
192,肾上腺脑白质营养不良,ABCD1,NM_000033.3(ABCD1):c.290A>G,20200821
193,Angelman综合征（AS）,UBE3A,NM_130838.1(UBE3A):c.2444C>G,20200821
194,神经纤维瘤病I型（NF1）,NF1,LRG_214t1(NF1):c.5546+2T>C,20200821
195,炎性肠病28型（IBD28）,IL10RA,NM_001558.3(IL10RA):c.301C>T,20200821
196,异染性脑白质营养不良（MLD）,ARSA,NM_000487.5(ARSA):c.960G>A,20200821
197,肾病综合征1型（NPHS1）,NPHS1,NM_004646.3(NPHS1):c.[1016C>T];[3478C>T],20200821
198,X-连锁Alport综合征（XLAS）,COL4A5,LRG_232t1(COL4A5):c.3613G>A,20200821
199,先天性眼外肌纤维化,KIF21A,NM_017641.3(KIF21A):c.2719C>T和NM_017641.3(KIF21A):c.2821C>T,20200821
200,眼皮肤白化病I型（OCA1）,TYR,NG_008748.1(TYR):c.[820-3C>G];[929dup],20200821
201,21-羟化酶缺陷性先天性肾上腺皮质增生症,CYP21A2,NG_007941.3(CYP21A2):c.[293-13C>G];[(?_-1)_(*1_?)del],20200821
202,多囊肾病1型（PKD1）,PKD1,NM_001009944.2(PKD1):c.3067C>T,20200821
203,X-连锁秃发性小棘毛囊角化病（KFSDX）,MBTPS2,NM_015884.3(MBTPS2):c.766G>A,20200821
204,多发性内分泌腺瘤2型（MEN2）,RET,NM_020975.4(RET):c.1900T>C,20200821
205,家族性高胆固醇血症（FH）,LDLR,NM_000527.4(LDLR):c.1747C>T,20200821
206,甲基丙二酸尿症MUT缺陷型,MUT,NM_000255.3(MUT):c.322C>T,20200821
207,极长链乙酰辅酶A脱氢酶缺乏症（ACADVLD）,ACADVL,NM_000018.3(ACADVL):c.[1305A>T];[779C>T],20200821
208,神经纤维瘤病I型（NF1）,NF1,LRG_214t1(NF1):c.6792C>A,20200821
209,X连锁智力障碍-低张力面容综合征1型（MRXHF1）,ATRX,NM_000489.4（ATRX）:c.745G>C,20200821
210,神经纤维瘤病I型（NF1）,NF1,LRG_214t1(NF1):c.2409+2T>A,20200821
211,Duchenne肌营养不良（DMD）,DMD,"	NM_004006.2(DMD):c.3259C>T",20200821
212,X连锁选择性牙齿发育不全1型（STHAGX1）,EDA,NM_001399.4(EDA):c.1013C>T,20200821
213,Ullrich先天性肌营养不良1型（ UCMD1）,COL6A2,NM_001849.3(COL6A2):c.2515_2516del,20200821
214,多囊肾病1型（PKD1）,PKD1,NM_001009944.2(PKD1):c.7670A>G,20200821
215,X-连锁无丙种球蛋白血症1型（XLA1）,BTK,NM_000061.2(BTK):c.292T>G,20200821
216,多发性外生性骨疣I型（EXT1）,EXT1,LRG_493t1(EXT1):c.1722+1_1722+5del,20200821
217,Omenn综合征,RAG1,NM_000448.2(RAG1):c.[992dup];[1750C>T],20200821
218,结节性硬化症2型（TSC2）,TSC2,NM_000548.3(TSC2):c.4646A>G,20200821
219,多囊肾病1型（PKD1）,PKD1,NM_001009944.2(PKD1):c.5401C>T,20200821
220,Pelizaeus-Merzbacher病（PMD）,PLP1,NM_000533.4(PLP1):c.247G>A,20200821
221,先天性糖基化障碍Im型（CDG1M）,DOLK,NM_014908.3(DOLK):c.1012A>G,20200821
222,家族肥厚型心肌病4型（CMH4）,MYBPC3,NM_000256.3(MYBPC3):c.1377del,20200821
223,Pierson综合征,LAMB2,NM_002292.3(LAMB2):c.185T>G,20200821
224,X连锁智力障碍-低张力面容综合征1型（MRXHF1）,ATRX,NM_000489.4(ATRX):c.3392G>A,20200821
225,眼皮肤白化病II型（OCA2）,OCA2,NG_009846.1(OCA2):c.[632C>T];[1182+1G>A],20200821
226,渗出性玻璃体视网膜病5型（EVR5）,TSPAN12,"	NM_012338.3(TSPAN12):c.566G>A",20200821
227,MECKEL综合症1型（MKS1）,MKS1,NM_017777.3(MKS1):c.[844C>T];[203del],20200821
228,渗出性玻璃体视网膜病5型（EVR5）,TSPAN12,NM_012338.3(TSPAN12):c.695del,20200821
229,常染色体隐性前庭导水管扩大性耳聋4型（DFNB4）,SLC26A4,NG_008489.1(SLC26A4_v001):c.[919-2A>G];[2168A>G],20200821
230,Charcot-Marie-Tooth病1E型（CMT1E）,PMP22,NM_000304.3(PMP22):c.117G>A,20200821
231,假阴道会阴阴囊性尿道下裂（PPSH）,SRD5A2,NM_000348.3(SRD5A2):c.[586G>A];[607G>A],20200821
232,家族性高胰岛素血症性低血糖症（HHF1）,ABCC8,NM_000352.4(ABCC8):c.[2857del];[4284del],20200821
233,X-连锁鱼鳞病（XLI）,STS,NM_000351：EX1_10 DEL,20200821
234,21-羟化酶缺陷性先天性肾上腺皮质增生症,CYP21A2,NG_007941.3(CYP21A2):c.[377C>G];[293-13C>G],20200821
235,成骨不全征（OI）,COL1A1,NM_000088.3(COL1A1):c.3082G>A,20200821
236,常染色体隐性骨硬化症4型（OPTB4）,CLCN7,NM_001287.5(CLCN7):c.[379T>G];[791G>A],20200821
237,血友病A型（HEMA）,F8,NM_000132.3(F8):c.5881T>C,20200821
238,泛酸激酶相关神经退行性病变（PKAN）,PANK2,NM_153638.2(PANK2):c.[445G>T];[1301C>T],20200821
239,多发性先天异常-张力过低-癫痫综合征2 型（MCAHS2）,PIGA,NM_002641.3(PIGA):c.242G>A,20200821
240,婴儿型低磷酸酯酶症,ALPL,NG_008940.1(ALPL_v001):c.[997+1G>T];[1282C>T],20200821
241,裸淋巴细胞综合症2型（BLS）,CIITA,NM_000246.3(CIITA):c.[3223C>T][1240del],20200821
242,苯丙酮尿症（PKU）,PAH,NM_000277.2(PAH):c.[728G>A];[782G>A],20200821
243,成骨不全征（OI）,COL1A1,"	NM_000088.3(COL1A1):c.3226G>A",20200821
244,"瓜氨酸血症, II型, 新生儿始发",,,20200821
245,肢带型肌营养不良2A型（LGMD2A）,CAPN3,NG_008660.1(CAPN3):c.[2120A>G];[2264-1G>C],20200821
246,眼皮肤白化病II型（OCA2）,OCA2,NM_000275.2(OCA2):c.[1778del];[2359G>A],20200821
247,血友病A型（HEMA）,F8,NM_000132.3(F8):c.2179G>T,20200821
248,眼皮肤白化病II型（OCA2）,OCA2,NM_000275.2(OCA2):c.[247C>T];[406C>T],20200821
249,Diamond-Blackfan贫血症1型（DBA1）,RPS19,NM_001022.3(RPS19):c.3G>A,20200821
250,视网膜母细胞瘤（RB1）,RB1,NM_000321.2(RB1):c.39del,20200821
251,X-连锁Alport综合征（XLAS）,COL4A5,NM_000495.4（COL4A5）:c.2822G>A,20200821
252,视网膜色素变性3型（RP3）,RPGR,NM_001034853.1(RPGR):c.2323_2324del,20200821
253,21-β-羟化酶缺乏性先天肾上腺皮质增生症,CYP21A2,NM_000500.7(CYP21A2):c.[332_339del];[518T>A],20200821
254,扩张型心肌病1D型（CMD1D）,TNNT2,NM_000364.2(TNNT2):c.650_652del,20200821
255,原发性高草酸尿征1型（HP1）,AGXT,NM_000030.2(AGXT):c.[466G>A];[568G>A],20200821
256,马凡氏综合征（MFS）,FBN1,NM_000138.4(FBN1):c.364C>T,20200821
257,Leber先天性黑曚10型（LCA10）,CEP290,NM_025114.3(CEP290):c.[367C>T];[7332_7333insAGAAG],20200821
258,视网膜色素变性3型（RP3）,RPGR,NM_001034853.1(RPGR):c.2899_2902del,20200821
259,糖原累积症II型（GSD2）,GAA,P86R; G370D; W376G,20200821
260,毛发-鼻-指(趾)综合征1型（TRPS1）,TRPS1,NM_014112.4(TRPS1):c.2985del,20200821
261,血友病A（HEMA）,F8,IVS22,20200821
262,肾病综合征1型（NPHS1）,NPHS1,NM_004646.3(NPHS1):c.[139del];[2783C>A],20200821
263,肾上腺脑白质营养不良（ALD）,ABCD1,NM_000033.3(ABCD1):c.578C>G,20200821
264,Schaaf-Yang 综合征（SHFYNG）,MAGEL2,NM_019066.4(MAGEL2):c.1996dup,20200821
265,常染色体隐性多囊肾病（ARPKD）,PKHD1,NM_138694.3(PKHD1):c.[11314C>T];[889T>A],20200821
266,血友病A（HEMA）,F8,NM_000132.3(F8):c.6371A>G,20200821
267,球形红细胞增多征1型（SPH1）,ANK1,NM_000037.3(ANK1):c.[841C>T];[3668T>C],20200821
268,神经纤维瘤病II型（NF2）,NF2,NM_000268.3(NF2):c.1737G>T,20200821
269,枫糖尿病（MSUD）,BCKDHB,NM_183050.3(BCKDHB):c.[1046G>A];[853C>T],20200821
270,白血病,IKZF1,EX4-7del,20200821
271,血友病A（HEMA）,F8,NM_000132.3(F8):c.2945del,20200821
272,甲基丙二酸血症,MUT,NM_000255.3(MUT):c.[1677-1G>A];[1061C>T],20200821
273,鱼鳞病,FLG, NM_002016.1(FLG):c.[6950_6957del];[5383G>T],20200821
274,血友病A（HEMA）,F8,C.4380DELT,20200821
275,血友病A（HEMA）,F8,NM_000132.3(F8):c.5953C>T,20200821
276,,HTT,,20200821
277,X连锁无汗型外胚层发育不良征1型（XHED）,EDA,NM_001399.4(EDA):c.536_571del,20200821
278,X-连锁Alport综合征（XLAS）,COL4A5,NM_000495.4(COL4A5):c.1933C>T,20200821
279,血友病A（HEMA）,F8,NM_000132.3(F8):c.2133_2134insT,20200821
280,成骨不全征（OI）,COL1A1,NM_000088.3(COL1A1):c.2282G>A,20200821
281,Bethlem肌病（BTHLM）,COL6A1,NM_001848.2(COL6A1):c.913G>T,20200821
282,耳聋,GJB2,NM_004004.5(GJB2):c.[109G>A];[176_191del],20200821
283,多发性外生骨疣2型（EXT2）,EXT2,NM_000401.3(EXT2):c.1267_1270dup,20200821
284,先天性双侧输精管缺如（CBAVD）,CFTR,NM_000492.3(CFTR):c.1210-34TG[12]T[5],20200821
285,遗传性甲状腺素运载蛋白相关性淀粉样变性,TTR,NM_000371.3(TTR):c.349G>T,20200821
286,粘多糖贮积症IVA型（MPS4A）,GALNS,NM_000512.4(GALNS_v001):c.[374C>T];[1214G>A],20200821
287,成骨不全症（OI）,COL1A1,NM_000088.3(COL1A1_v001):c.578del,20200821
288,脑桥小脑发育不全9型（PCH9）,AMPD2,NM_001257360.1(AMPD2_v001):c.[1132C>T];[1132C>T],20200821
289,多囊肾病1 型（PKD1）,PKD1,NM_001009944.2(PKD1):c.10588C>T,20200821
290,大疱性表皮松懈症（EB）,COL7A1,NM_000094.3(COL7A1_v001):c.6127G>A,20200821
291,促结缔组织增生性髓母细胞瘤（MDB）,SUFU,NM_016169.3(SUFU):c.281G>T,20200821
292,血友病A（HEMA）,F8,NM_000132.3(F8_v001):c.985T>A,20200821
293,寻常型鱼鳞病（ichthyosis vulgaris，IV）,FLG,NM_002016.1(FLG):c.12064A>T,20200821
294,X-连锁鱼鳞病（XLI）,STS,NM_000351.4(STS):EX1_10del,20200821
295,耳聋,GJB2,NM_004004.5(GJB2):c.[9G>A];[235del],20200821
296,血友病A（HEMA）,F8,NM_000132.3(F8):c.5566T>C,20200821
297,耳聋,SLC26A4,NM_000441.1(SLC26A4_v001):c.[1286C>A];[1344G>A],20200821
298,血友病B,F9,NM_000133.3(F9):c.1226G>A,20200821
299,血友病A（HEMA）,F8,NM_000132.3(F8_v001):c.5893A>C,20200821
300,视网膜母细胞瘤（RB1）,RB1,,20200821
301,X-连锁严重联合免疫缺陷（X-SCID）,IL2RG,NM_000206.2(IL2RG):c.719G>T,20200821
302,血友病A（HEMA）,F8,NG_011403.1(F8_v001):c.5219+2T>C,20200821
303,家族肥厚型心肌病4型（CMH4）,MYBPC3,LRG_386t1(MYBPC3):c.821+1G>A,20200821
304,多囊肾病1 型（PKD1）,PKD1,NM_001009944.2(PKD1):c.4997G>A,20200821
305,"肉碱软脂酰转移酶II缺乏症,婴儿型",CPT2,,20200821
306,耳聋,GJB2,NM_004004.5(GJB2):c.235del,20200821
307,远端运动神经元病VIIA型（HMN7A）,SLC5A7,NM_021815.4(SLC5A7):c.709_712dup,20200821
308,颅骨外胚层发育不良(CED),WDR19,NG_031813.1(WDR19_v001):c.[3184-1G>T];[1982+2T>C],20200821
309,Galloway-Mowat综合征1（GAMOS1）,WDR73,NM_032856.3(WDR73):c.[219_223del];[1100A>G],20200821
310,Simpson-Golabi-Behmel综合征1型（SGBS1） ,GPC3,NM_004484(GPC3):EX1_2Del,20200821
311,遗传性淋巴水肿（IA）,FLT4,NM_002020.4(FLT4):c.3410C>T,20200821
312,遗传易感性非免疫性胎儿水肿伴/不伴房间隔缺损（HFASD）,EPHB4,NM_004444.4(EPHB4):c.1555G>A,20200821
313,神经纤维瘤病I型（NF1）,NF1,NM_000267.3(NF1):c.1756_1759del,20200821
314,多发性神经纤维瘤1型(NF1),NF1,NM_000267.3(NF1):c.1756_1759del,20200821
315,"骨硬化症,常染色体隐性4（OPTB4）",CLCN7,,20200821
316,肾结石/骨质疏松，低血磷症1型（NPHLOP1）,SLC34A1,NM_003052.4(SLC34A1):c.533T>A,20200821
317,"晶状体异位,家族性（ECTOL1）",FBN1,,20200821
318,血友病A（HEMA）,F8,NM_000132.3(F8):c.7031del,20200821
319,血小板增多症 (体细胞系变异),CALR,NM_004343.3(CALR):c.1154_1155insTTGTC,20200821
320,,KDM5C,NM_004187.3(KDM5C):c.1596G>C,20200821
321,血友病A（HEMA）,F8,NM_000132.3(F8):c.6055T>G,20200821
322,球形红细胞增多征1型（SPH1）,ANK1,NM_000037.3(ANK1):c.533_537del,20200821
323,血友病B（HEMB）,F9,NM_000133.3(F9):c.127C>T,20200821
324,Rett综合征（RTT）,MECP2,NM_004992.3(MECP2):c.397C>T,20200821
325,X-连锁严重联合免疫缺陷（X-SCID）,IL2RG,NM_000206.2(IL2RG):c.774del,20200821
326,肺泡毛细血管发育不良伴肺静脉失调（ACDMPV）,FOXF1,NM_001451.2(FOXF1):c.(?_-1)_(*1_?)del,20200821
327,血友病A（HEMA）,F8,NM_000132.3(F8):c.5027C>A,20200821
328,"	Li-Fraumeni综合征2型（LFS2）",CHEK2,NM_007194.4(CHEK2_v001):c.917G>C,20200821
329,血友病A（HEMA）,F8,NM_000132.3(F8):c.4379dup,20200821
330,Kabuki综合征1型（KABUK1）,KMT2D,NM_003482.3(KMT2D_v001):c.[7951_7952/=];[7954del/=],20200821
331,囊性、易感性肾发育不良（CYSRD）,BICC1,NM_001080512.1(BICC1):c.2070G>C,20200821
332,甲状腺分泌障碍3型（TDH3）,TG,NG_015832.1(TG_v001):c.[478T>C];[5686+1G>A],20200821
333,X-连锁智力障碍综合征（MRXSSD）,PHF8, NM_015107(PHF8):EX1_19Del,20200821
334,血友病A（HEMA）,F8,NM_000132.3(F8):c.5961dup,20200821
335,血友病A（HEMA）,F8,NM_000132.3(F8):c.1634C>A,20200821
336,血友病A（HEMA）,F8,NM_000132.3(F8):c.1172G>A,20200821
337,,CDH1,NM_004360.4(CDH1):c.82T>G,20200821
338,假阴道会阴阴囊性尿道下裂（PPSH）,SRD5A2,NM_000348.3(SRD5A2):c.[159G>A];[656del],20200821
339,假阴道会阴阴囊性尿道下裂（PPSH）,SRD5A2,NM_000348.3(SRD5A2):c.[607G>A];[680G>A],20200821
340,马凡氏综合征（MFS）,FBN1,NM_000138.4:c.5885_5895del,20200821
341,Angelman综合征（AS）,UBE3A,NM_130838.1(UBE3A):c.2507_2510del,20200821
342,X-连锁女性限性近视26型,ARR3,NG_050734.1(ARR3_v001):c.39+1G>A,20200821
343,乳腺癌,BRCA1,EX16del,20200821
344,乳腺癌,BRIP1,NM_032043.2(BRIP1):c.3664_3665del,20200821
345,,PKHD1,NM_138694.3(PKHD1):c.[9901G>T];[10997T>G],20200821
346,血友病A（HEMA）,F8,NM_000132.3(F8):c.556G>T,20200821
347,血友病A（HEMA）,F8,NM_000132.3(F8):c.536C>G,20200821
348,细胞色素c氧化酶缺乏性致死性婴儿心脑肌病1型（CEMCOX1）,SCO2,NM_005138.2(SCO2):c.[535C>T];[544C>T],20200821
349,法洛四联症（TOF）,GATA4,NM_002052.3(GATA4):c.1075G>A,20200821
350,多囊肾病1 型（PKD1）,PKD1,NM_001009944.2(PKD1):c.1225G>A/1123del,20200821
351,血友病A（HEMA）,F8,NM_000132.3(F8):c.5424del,20200821
352,血友病A（HEMA）,F8,NM_000132.3(F8):c.5825G>C,20200821
353,血友病A（HEMA）,F8,NM_000132.3(F8):c.6506G>A,20200821
354,Marfan综合征（MFS）,FBN1,NM_000138.4(FBN1):c.3602G>A,20200821
355,多囊肾病4型伴或不伴多囊肝病（PKD4）,PKHD1,NG_008753.1(PKHD1_v001):c.[5935G>A];[3364+3A>T],20200821
356,软骨发育不全（ACH）,FGFR3,NM_000142.4(FGFR3):c.1138G>A ,20200821
357,多囊肾病1型（PKD1）,PKD1,NM_001009944.2(PKD1):c.6890A>C,20200821
358,地贫,,,20200821
359,多囊肾病1型（PKD1）,PKD1,NM_001009944.2(PKD1):c.11353T>C,20200821
360,,CRYAA,NM_000394.3(CRYAA):c.346C>T,20200821
361,先天性肌无力综合征2C型伴乙酰胆碱受体缺陷,CHRNB1,NM_000747.2(CHRNB1):c.727C>T,20200821
362,,EDA,NM_001399.4(EDA):c.467G>A,20200821
363,线粒体肌病-脑病-乳酸中毒-卒中样发作综合征（MELAS）,MTTL1,NC_012920.1(MTTL1):m.3243A>G,20200821
364,,PRODH,NM_016335.4(PRODH):c.1322T>C,20200821
365,肢带型肌营养不良2B型（LGMD2B）,DYSF,NM_003494.3(DYSF):c.4036_4037del,20200821
366,,VHL,NM_000551.3(VHL):c.391A>C,20200821
367,"睑裂狭小,倒转型内眦赘皮和上睑下垂（BPES）",FOXL2,,20200821
368,,ALDH1A2,NM_003888.3(ALDH1A2):c.[644C>A];[222+3A>G],20200821
369,,GBE1,NM_000158.3(GBE1):c.430del,20200821
370,多囊肾病2型（PKD2）,PKD2,NG_008604.1(PKD2):c.2670+5del,20200821
371,X-连锁严重联合免疫缺陷（X-SCID）,IL2RG,NM_000206.2(IL2RG):c.201del,20200821
372,血友病A（HEMA）,F8,NM_000132.3(F8):c.3637dup,20200821
373,,DEPDC5,NM_001242896.2(DEPDC5):c.375T>A,20200821
374,眼皮肤白化病I型（OCA1）,TYR,NG_008748.1(TYR):c.[758G>A];[820-3C>G],20200821
375,,CRYBB2,NG_009827.1(CRYBB2):c.307-4A>G,20200821
376,X连锁隐性斑点状软骨发育异常（CDPX1）,ARSE,NM_000047.2(ARSE):c.940_941del,20200821
377,血友病B（HEMB）,F9,NM_000133.3(F9):c.[892C>T];[723+2T>C],20200821
378,常染色体隐性耳聋1A型（DFNB1A）,GJB2,NM_004004.5(GJB2):c.[109G>A];[109G>A],20200821
379,血友病A（HEMA）,F8,NG_011403.1(F8):c.6274-2A>G,20200821
380,血友病A（HEMA）,F8,NG_011403.1(F8_v001):c.388+1G>T,20200821
381,,COL4A5,NM_000495.4(COL4A5):c.888_889del,20200821
382,遗传性对称性色素异常症（DSH）,ADAR,NM_001111.4(ADAR):c.3594C>G,20200821
383,,GRIN2D,NM_000836.2(GRIN2D):c.3776dup,20200821
384,复合氧化磷酸化缺陷27型（COXPD27）,CARS2,NM_024537.3(CARS2):c.1426G>A,20200821
385,,IGHMBP2,NM_002180.2(IGHMBP2):c.[151C>T];[2467C>T],20200821
386,血友病A（HEMA）,F8,NG_011403.1(F8):c.6430-14A>G,20200821
387,,FLG,NM_002016.1(FLG):c.[7249C>T];[3321del],20200821
388,血友病B（HEMB）,F9,NM_000133.3(F9):c.93dup,20200821
389,血友病A（HEMA）,F8,NM_000132.3(F8):c.79_80delinsTT,20200821
390,血友病A（HEMA）,F8,NM_000132.3(F8):c.6065G>A,20200821
391,,PAH,NM_000277.2(PAH):c.[611A>G];[1238G>C],20200821
392,"	白内障14（CTRCT14）",GJA3,NM_021954.3(GJA3):c.61A>T,20200821
393,,MYH7,NM_000257.3(MYH7):c.2773A>G,20200821
394,血友病A（HEMA）,F8,NM_000132.3(F8):c.6683G>A,20200821
395,血友病A（HEMA）,F8,NM_000132.3(F8):c.209_212del,20200821
396,血友病A（HEMA）,F8,NG_011403.1(F8_v001):c.671-1G>A,20200821
397,,TYR,NM_000372.4(TYR):c.[896G>A];[819+2_819+3insATATGCC],20200821
398,多囊肾病1型（PKD1）,PKD1,NG_008617.1(PKD1):c.1202-2A>G,20200821
399,假阴道会阴阴囊性尿道下裂（PPSH）,SRD5A2,NM_000348.3(SRD5A2):c.[680G>A];[737G>A],20200821
400,成骨不全症（OI）,COL1A1,NM_000088.3(COL1A1):c.3389G>A,20200821
401,,ANK1,NM_000037.3(ANK1):c.3157C>T,20200821
402,,ATXN3,,20200821
403,,DMD,NM_004006.2(DMD):c.8390+1G>A,20200821
404,脊髓小脑共济失调5型,SPTBN2,NM_006946.2(SPTBN2):c.4492G>A,20200821
405,丈夫白血病、肺癌,BRCA2,NM_000059.3(BRCA2):c.2838T>G,20200821
406,,TAF2,NM_003184.3(TAF2):c.[2119A>G];[2216_2219del],20200821
407,,GREB1L,NM_001142966.2(GREB1L):c.902_908dup,20200821
408,,TOP3A,NM_004618.4(TOP3A):c.[2362C>T];[1436A>G],20200821
409,,SCN1A,NM_001165963.2(SCN1A):c.695-2A>G,20200821
410,,DMD,NM_004006.2(DMD):c.8375_8376insA,20200821
411,,F7,NM_000131.4(F7):c.[312C>A];[572-1G>A],20200821
412,多囊肾病4型 伴或不伴多囊肝病,PKHD1,NM_138694.3(PKHD1):c.9901G>T,20200821
413,血友病A（HEMA）,F8,NM_000132.3(F8):c.1648C>T,20200821
414,血友病A（HEMA）,F8,NM_000132.3(F8):c.6860del,20200821
415,,GBE1,NM_000158.3(GBE1):c.430del,20200821
416,von Willebrand病1型（VWD1）,VWF,NM_000552.3(VWF):c.4403C>T,20200821
417,血友病A（HEMA）,F8,NM_000132.3(F8):c.4085del,20200821
418,,HLA,,20200821
419,软骨生成不全II型（ACG2）,COL2A1,NM_001844.4(COL2A1):c.3950T>G,20200821
420,β-地中海贫血,HBB,NM_000518.5(HBB):c.[52A>T];[79G>A],20200821
421,,ANK1, NM_000037.3(ANK1):c.5526del,20200821
422,耳聋,,,20200821
423,糖尿病,WFS1,NM_006005.3(WFS1):c.1811G>A,20200821
424,肌营养不良-抗肌萎缩相关糖蛋白病,POMGNT1,NM_017739(POMGNT1):c.[296T>C];[1624G>T],20200821
425,Norrie病,NDP,NM_000266.3(NDP):c.125_128dup,20200821
426,血友病B,F9,NM_000133.3(F9):EX1-8del,20200821
427,血友病A（HEMA）,F8,NM_000132.3(F8):IVS22 INV和IVS1 INV,20200821
428,,HPDL,,20200821
429,,NIPA1,NM_144599.5(NIPA1):c.134C>G,20200821
430,,RPGR,,20200821
431,血友病A（HEMA）,F8,NM_000132.3(F8):c.2244C>G,20200821
432,,RET,NM_020975.5(RET):c.2753T>C,20200821
433,,SUFU,NM_016169.3(SUFU):c.281G>T,20200821
434,,RAG1,NM_000448.2(RAG1):c.[923G>A];[2296A>G],20200821
435,Luscan-Lumish综合征,SETD2,NM_014159.6(SETD2):c.1439A>T,20200821
436,,F8,NM_000132.3(F8):IVS22 INV和IVS1 INV,20200821
437,,F8,NM_000132.3(F8):c.2415del,20200821
438,,F8,NM_000132.3(F8):IVS22 INV和IVS1 INV,20200821
439,Meckel综合征3型（MKS3）,TMEM67,NM_153704.5(TMEM67):c.[296del];[1243G>A],20200821
440,,MMACHC,NM_015506.3(MMACHC):c.[609G>A];[EX1del],20200821
441,,TNNI3,NM_000363.4(TNNI3):c.422G>A,20200821
442,常染色体隐性耳聋1A型（DFNB1A）,GJB2,NM_004004.5(GJB2):c.235del,20200821
443,,NOTCH1,NM_017617.5(NOTCH1):c.1162G>A,20200821
444,,SMC1A,NM_006306.3(SMC1A):c.793_795del,20200821
445,Duchenne氏肌营养不良（DMD）,DMD,NM_004006.2(DMD):c.1394del,20200821
446,,COL1A1,NM_000088.3(COL1A1):c.3521C>T,20200821
447,,EPHB4,NM_004444.5(EPHB4):c.1528C>T,20200821
448,X-连锁Alport综合征（XLAS）,COL4A5,NM_000495.4(COL4A5):c.5039T>A,20200821
449,,TYR,NM_000372.5(TYR):c.[346C>T];[926dup],20200821
450,,DMPK ,,20200821
451,,ATXN3 ,,20200821
452,,F8,NM_000132.3(F8):INV22,20200821
453,X连锁重型联合免疫缺陷症,IL2RG,NM_000206.2(IL2RG):c.924+1G>T,20200821
454,,COL1A2,NM_000089.3(COL1A2): c.3269G>T,20200821
455,,COL11A1,NM_001854.4(COL11A1): c.1928G>A,20200821
456,,CRB1,NM_201253.2(CRB1):c.[2230C>T];[3299T>A],20200821
457,,PKD1,NM_001009944.2(PKD1): c.10529C>T,20200821
458,,MUT,NM_000255.4(MUT): c.[567T>G];[1147C>G],20200821
459,共济失调-毛细血管扩张症,ATM,NM_000051.3(ATM):c.[497-2A>C];[4110-1G>A],20200821
460,,RAD50,NM_005732.3(RAD50): c.1287_1291del,20200821
461,,F8,NM_000132.3(F8):c.5491A>C,20200821
462,,PRDM16,NM_022114.3(PRDM16):c.3326G>A,20200821
463,血友病A（HEMA）,F8,NM_000132.3(F8): c.295G>T,20200821
464,,F8,NM_000132.3(F8):c.1834C>T,20200821
465,血友病A（HEMA）,F8,NM_000132.3(F8):c.1812G>A,20200821
466,,PCCB,NM_000532.5(PCCB):c.834_835insC,20200821
467,,PEX1,NM_000466.3(PEX1):c.[3043G>T];[2050C>T],20200821
468,,CDKN1C,NM_000076.2(CDKN1C):c.820+1G>A,20200821
469,,SLC12A3,NM_000339.2(SLC12A3):c.[1262G>T];[2548+253G>T],20200821
470,,RET,NM_020975.5(RET):c.1900T>C,20200821
471,,PLA2G6,NM_003560.3(PLA2G6):c.[1A>G];[1427+1G>A],20200821
472,,GJB2,NM_004004.6(GJB2):c.[109G>A];[299_300del],20200821
473,,MTM1,NM_000252.2(MTM1):c.121G>A,20200821
474,强直性脊柱炎,HLA,,20200821
475,,F8,NM_000132.3(F8):c.6226G>A,20200821
476,,FGFR3,NM_000142.4(FGFR3):c.2421A>G,20200821
477,Duchenne肌营养不良（DMD）,DMD,NM_004006.2(DMD):c.3786+1G>T,20200821
478,,MME,NM_007289.3(MME):c.203G>A,20200821
479,,ARSA,NM_000487.6(ARSA):c.[185_186insA];[1066G>T],20200821
480,血友病A（HEMA）,F8,NM_000132.3(F8): c.1538-1G>T,20200821
481,,F9,NM_000133.3(F9):c.1136G>A,20200821
482,,MECP2,NM_004992.3(MECP2):c.1167_1194dup,20200821
483,,ARSA,NM_000487.6(ARSA):c.[302_303insG];[1428_1429insC],20200821
484,,ITGA3,NM_002204.4(ITGA3):c.[2464del];[1133A>T],20200821
485,,MPDZ,NM_003829.4(MPDZ):c.[3178G>T];[3508C>T];[5380-4_5380-2delinsCT],20200821
486,,CCM2,NM_031443.3(CCM2):c.244del,20200821
487,,COG5,NM_006348.3(COG5):c.[2518G>T];[1406+1G>A],20200821
488,,FGFR2,NM_000141.4(FGFR2):c.1025G>A,20200821
489,,CEP290,NM_025114.3(CEP290):c.[4062del];[6012-2A>G],20200821
490,,MSH2,NM_000251.2(MSH2):c.2039G>A,20200821
491,,PAX2,NM_003987.4(PAX2):c.76dup,20200821
492,,C5orf42,NM_023073.3(C5orf42):c.[1330C>T];[8203del],20200821
493,,CRX,NM_000554.6(CRX):c.663C>G,20200821
494,多囊肾病1型（PKD1）,PKD1,NM_001009944.2(PKD1):c.3170T>C,20200821
495,,NF1,NM_000267.3(NF1):c.2195del,20200821
496,,PKD1,NG_008617.1(PKD1):c.8948+1G>A,20200821
497,肯尼迪病,AR,,20200821
498,,FBN1,NM_000138.4(FBN1):c.6695G>T,20200821
499,,PROM1,NM_006017.2(PROM1):c.1683_1767del,20200821
500,,TPP1,NM_000391.4(TPP1):c.[1424C>T];[1222_1224del],20200821
501,,SARS2,NM_017827.3(SARS2):c.[1519dup];[654-14T>A],20200821
502,血友病A（HEMA）,F8,NM_000132.3(F8):c.6046C>T,20200821
503,血友病A（HEMA）,F8,NM_000132.3(F8):c.2768T>G,20200821
504,,CYBB,NM_000397.3(CYBB):c.302A>G,20200821
505,,10q24.31q24.32,10q24.31q24.32,20200821
506,,FBN1,NM_000138.4(FBN1):c.5498G>T,20200821
507,,CDK10,del exon1-6,20200821
508,,TSC1,NM_000368.4(TSC1):c.1904_1905del；c.989dup,20200821
509,,TSC2,NM_000548.5(TSC2):c.2608G>C,20200821
510,,TRPM1,NM_002420.5(TRPM1):c.18-3C>G,20200821
511,,地贫,地贫,20200821
512,血友病A（HEMA）,F8,NM_000132.3(F8):c.6044G>A,20200821
513,,PIGA,NM_002641.3(PIGA):c.908A>C,20200821
514,,地贫,地贫,20200821
515,血友病A（HEMA）,F8,NM_000132.3(F8):c.2962_2963del,20200821
516,,CDK16,,20200821
517,,F8,NM_000132.3(F8):c.5399G>A,20200821
518,,F9,NM_000133.3(F9):c.801C>A,20200821
519,寻常型鱼鳞病（IV）,FLG,NM_002016.1(FLG):c.9887C>A,20200821
520,,CTNS,NM_004937.3(CTNS):c.[16_19del];[(-230+1_-229-1)_(61+1_62-1)del,20200821
521,,TARS2,NM_025150.4(TARS2):c.[470C>G];[1768G>T],20200821
522,,NF1,NM_000267.3(NF1):c.2991-2A>G,20200821
523,,MUSK,NM_005592.4(MUSK):c.[2300G>A];[2378G>A],20200821
524,,NF1,NM_000267.3(NF1):c.2033dup,20200821
525,,VPS13B ,NM_017890.4(VPS13B):c.[2934+1G>C];[6940+1G>T],20200821
526,,NF1,NM_000267.3(NF1):c.3652C>T,20200821
527,,PKD1,NM_001009944.3(PKD1):c.348_352del,20200821
528,,SCN1A,NM_001165963.3(SCN1A):c.4906C>T,20200821
529,,OTC,NM_000531.5(OTC):c.176T>C,20200821
530,强直性脊柱炎,HLA,,20200821
531,,F9,NM_000133.3(F9):c.1305T>A,20200821
532,,WAS,NM_000377.2(WAS):c.763del,20200821
533,X-连锁 Alport 综合征(XLAS) ,COL4A5,NM_000495.4(COL4A5):c.385-10C>G,20200821
534,,ALPL,NM_000478.6(ALPL):c.[211C>T];[1271T>C],20200821
535,,MMACHC,NM_015506.3(MMACHC):c.658_660del,20200821
536,X-连锁 Alport 综合征(XLAS) ,COL4A5,NM_000495.4(COL4A5):c.3508G>A,20200821
537,,DYNC1H1,NM_001376.5(DYNC1H1):c.13698A>G,20200821
538,,地贫,,20200821
539,,GRIN1,NM_007327.3(GRIN1):c.1643G>A,20200821
540,,CLTC,NM_004859.4(CLTC):c.3621_3623del,20200821
541,,ATM,NM_000051.3(ATM):c.[2872G>T];[8918_8929delGGCCGGAAGATGinsTGT],20200821
542,,SMC1A,NM_006306.3(SMC1A):c.1148G>A,20200821
543,,COL9A1,NG_011654.1(COL9A1):c.1504-3C>T,20200821
544,,GREB1L,NM_001142966.2(GREB1L):c.5608+1G>T,20200821
545,,BBS10,NM_024685.3(BBS10):c.[83_84delinsAG];[173T>C],20200821
546,,地贫,地贫,20200821
547,,TYR,NM_000372.5(TYR):c.[346C>T];[1184+1G>C],20200821
548,,IL2RG,NM_000206.2(IL2RG):c.452T>C,20200821
549,,STS,NM_000351.4 (STS):c.(?_-1)_(*1_?)del,20200821
550,,KMT2D,NM_003482.3(KMT2D):c.13590C>T,20200821
551,X-连锁 Alport 综合征(XLAS) ,COL4A5,NM_000495.4(COL4A5):c.232-1G>A,20200821
552,,FOXC2,NM_005251.3(FOXC2):c.[86G>A];[157G>C],20200821
553,,F8,NM_000132.3(F8):c.250_251insA,20200821
554,血友病A（HEMA）,F8,NM_000132.3(F8):c.1904-12T>G,20200821
555,,KMT2A,NM_001197104.1(KMT2A):c.2318_2319insC,20200821
556,Duchenne肌营养不良（DMD）,DMD,NM_004006.2(DMD):c.6762G>A,20200821
557,,GJB2,NM_004004.5(GJB2):c.[176_191del];[235del],20200821
558,,MRE11A,NM_005591.3(MRE11A):c.535T>C,20200821
559,,GJB2,NM_004004.5(GJB2):c.[235del];[235del],20200821
560,,LMNA,NM_005572.3(LMNA):c.91G>A,20200821
561,,ANK2,NM_001148.6(ANK2):c.5772_5773insAAC,20200821
562,,SLC22A5,NM_003060.4(SLC22A5):c.760C>T,20200821
563,,HBB,NM_000518.5(HBB):c.[10C>T];[126_129del],20200821
564,,NKX2-5,NM_004387.4(NKX2-5):c.649A>G,20200821
565,,CHD7,NM_017780.4(CHD7):c.4264A>G,20200821
566,,PTPN11,NM_002834.4(PTPN11):c.982A>G,20200821
567,血友病A（HEMA）,F8,NM_000132.3(F8):c.5689_5691delinsTTT,20200821
568,,EXT2,NM_207122.1(EXT2):c.1022del,20200821
569,,TGM1,NM_000359.2(TGM1):c.[427C>T];[607C>T],20200821
570,血友病A（HEMA）,F8,NM_000132.3(F8):c.6130del,20200821
571,脆性X综合征,FMR1,,20200821
572,努南综合征8型（NS8）,RIT1,NM_006912.5(RIT1):c.69A>C,20200821
573,,TYR,NM_000372.5(TYR):c.[896G>A];[930dup],20200821
574,,SLC6A1,NM_003042.4(SLC6A1):c.1070C>A,20200821
575,,PKD1,NM_001009944.3(PKD1):c.2659del,20200821
576,,F8,NM_000132.3(F8):c.6188-1G>T,20200821
577,,UGT1A1,NC_000002.12(UGT1A1):g.[233760498G>A];[233760235_233760236dup],20200821
578,,SCN5A,NM_198056.2(SCN5A):c.2893C>T,20200821
579,,EXT1,NM_000127.2(EXT1):c.1569dup,20200821
580,,IFIH1,NM_022168.4(IFIH1):c.2336G>A,20200821
581,,DMD,NM_004006.2(DMD):c.1474C>T,20200821
582,,ATP7A,NM_000052.6(ATP7A):c.2179G>A,20200821
583,血友病B（HEMB）,F9,NM_000133.3(F9):c.1295G>T,20200821
584,,GJB2,NM_004004.5(GJB2):c.[235del];[235del],20200821
585,血友病A（HEMA）,F8,NM_000132.3(F8):c.6355_6356del,20200821
586,,B3GALNT2,NM_152490.5(B3GALNT2):c.[1068dup];[213_215de],20200821
587,,TYR, NM_000372.5(TYR):c.[896G>A];[820-3C>G],20200821
588,,GREB1L,NM_001142966.2(GREB1L):c.4246A>T,20200821
589,,COL1A1,NM_000088.3(COL1A1):c.2137G>T,20200821
590,,SLC22A5,NM_003060.3(SLC22A5):c.[338G>A];[844C>T],20200821
591,,HLA,/,20200821
592,,RUNX2,NM_001024630.4(RUNX2):c.1138del,20200821
593,地贫,,/,20200821
594,,F9,NM_000133.3(F9):c.1207del,20200821
595,,F8,NM_000132.3(F8):c.1396G>C,20200821
596,,MYBPC3,NM_000256.3(MYBPC3):c.3624del,20200821
597,,TSC2,NM_000548.5(TSC2):c.3094C>T,20200821
598,,CYP21A2,NM_000500.7(CYP21A2):c.[955C>T];[1069C>T],20200821
599,,NF1,NM_000267.3(NF1):c.1756_1759del,20200821
600,,PKLR,NM_000298.5(PKLR):c.[330_331del];[1462C>T],20200821
601,,G6PD,NM_001042351.2(G6PD):c.1024C>T,20200821
602,,FBN1,NM_000138.5(FBN1):c.3244G>T,20200821
603,,GRIN1,NM_007327.4(GRIN1):c.1665G>A,20200821
604,,DMD,NM_004006.2(DMD):c.4053G>A,20200821
605,,ATP8B1,NM_005603.6(ATP8B1):c.[1367C>T];[1587_1589del],20200821
606,,SMARCA2,NM_003070.5(SMARCA2):c.553C>G,20200821
607,,SLC7A7,NM_001126106.4(SLC7A7):c.625+1G>A,20200821
608,,COMP,NM_000095.2(COMP):c.2153G>C,20200821
609,,ALG1,NM_019109.4(ALG1):c.[434G>A];[1342C>T],20200821
610,,NR0B1,NM_000475.4(NR0B1):c.1217del,20200821
611,,ARX,NM_139058.2(ARX):c.1259dup,20200821
612,,GUCY2C,NM_004963.3(GUCY2C):c.[36_45del];[1391G>T],20200821
613,,F8,INV22,20200821
614,,KIF11,NM_004523.4(KIF11):c.139C>T,20200821
615,,ADNP,NM_015339.5(ADNP):c.2157C>G,20200821
616,,F8,NM_000132.3(F8):c.1336C>T,20200821
617,,STS,NM_000351.4 (STS):c.(?_-1)_(*1_?)del,20200821
618,,F8,NM_000132.3(F8):c.(1903+1_1904-1)_(2113+1_2114-1)del,20200821
619,,F8,NM_000132.3(F8):c.2097G>C,20200821
620,,STXBP1,NM_003165.5(STXBP1):c.1216C>T,20200821
621,,NPHS1,NM_004646.3(NPHS1):c.[1393T>G];[3213del],20200821
622,,GATA1,NM_002049.4(GATA1):c.646C>T,20200821
623,,FGFR2,NM_000141.5(FGFR2):c.758C>G,20200821
624,,F9,NM_000133.4(F9):c.956T>A,20200821
625,,HLA,HLA-6点,20200821
626,,FBN1,NM_000138.5(FBN1):c.6615A>G,20200821
627,,VWF,NM_000552.4(VWF):c.4825G>A,20200821
628,,CYBB,NM_000397.3(CYBB):c.(?_-1)_(*1_?)del,20200821
629,,GJB2,NM_004004.5(GJB2):c.[109G>A];[235del],20200821
630,,IDS,NM_000202.7(IDS):c.416del,20200821
631,,DNAH11,NM_001277115.1(DNAH11):c.[11839+9delC];[12934-2_12934-1insG],20200821
632,,COL1A1,NM_000088.4(COL1A1):c.1792_1793insCCGGCAAGCCTGGAGAGC,20200821
633,,BPTF,NM_182641.3(BPTF):c.4838_4839del,20200821
634,,NPC1,NM000271.4(NPC1):c.[1042C>T];[2714dup],20200821
635,,NF1,NM_000267.3(NF1):c.(?_-1)_(479+1_480-1),20200821
636,,PKD2,NM_000297.4(PKD2):c.2290C>T,20200821
637,,ALDH1A3,NM_000693.4(ALDH1A3):c.[845G>T];[345+1G>A],20200821
638,,EVC2,NM_147127.5(EVC2):c.[1195C>T];[1987G>T],20200821
639,,F9,NM_000133.4(F9):c.128G>A,20200821
640,,HBB,NG_059281.1(HBB):c.316-197C>T,20200821
641,,MYH9,NM_002473.6(MYH9):c.5797C>T,20200821
642,,HNF4A,NM_175914.4(HNF4A):c.200G>A,20200821
643,,F8,INV22,20200821
644,,TRAPPC12,NM_016030.5(TRAPPC12):c.[(?_-206-1)_(1164+1_1165-1)del];[1418-9G>A],20200821
645,血友病A（HEMA）,F8,NM_000132.3(F8):c.2440C>T,20200821
646,,RET,NM_020975.4(RET):c.1891G>A,20200821
647,多囊肾病1型（PKD1）,PKD1,NM_001009944.2(PKD1):c.9155G>A,20200821
648,,HBB,NM_000518.5(HBB):c.[126_129delCTTT];[316-197C>T],20200821
649,,CANT1,NG_016645.1(CANT1):c.836-9G>A,20200821
650,,COL4A3,NM_000091.5(COL4A3):c.2990G>A,20200821
651,,GJB2,NM_004004.5(GJB2):c.[235del];[235del],20200821
652,血友病B（HEMB）,F9,NM_000133.3(F9):c.413A>G,20200821
653,,ANKRD11,NM_013275.5(ANKRD11):c.7552C>T,20200821
654,,RHO,NM_000539.3(RHO):c.1033G>T,20200821
655,血友病A（HEMA）,F8,NM_000132.3(F8):c.3827C>G,20200821
656,β-地贫,HBB,NM_000518.5(HBB):c.[126_129delCTTT];[85dupC],20200821
657,,PKD1,NG_008617.1(PKD1):c.8948+1G>A,20200821
658,,F8,NM_000132.3(F8):c.261G>A,20200821
659,,BRCA2,NM_000059.3(BRCA2):c.3109C>T,20200821
660,常染色体隐性耳聋1A型（DFNB1A）,GJB2,NM_004004.5(GJB2):c.[235del];[299_300del],20200821
661,,KRAS,NM_004985.5(KRAS):c.40G>A,20200821
662,Norrie病,NDP,NM_000266.3(NDP):c.284G>A,20200821
663,,GALC,NM_000153.4(GALC):c.[136G>T];[908+1G>A],20200821
664,,DSC2,NM_024422.4(DSC2): c.607C>T,20200821
665,家族性渗出性玻璃体视网膜病变FEVR,FZD4,NM_012193.4(FZD4):c.707_713delTCACAGT,20200821
666,,F9,NM_000133.4(F9):c.1238G>A,20200821
667,,TCOF1,NM_001135243.1(TCOF1):c.2285_2286del,20200821
668,,NBAS,NM_015909.4(NBAS):c.[2822G>A];[2423+404G>A],20200821
669,X连锁智力障碍104型,FRMPD4,NM_014728.3(FRMPD4):c.3271C>G,20200821
670,,PPP2R5D,NG_050636.1(PPP2R5D):c.1027-12_1027-11delinsT,20200821
671,,PPARG ,NM_015869.4(PPARG):c.1367C>T,20200821
672,,MMACHC,NM_015506.3(MMACHC):c.[47T>C];[609G>A],20200821
673,DMD,DMD,NM_004006.2(DMD):c.1401delA,20200821
674,,BTK,NM_000061.3(BTK):c.368_369insT,20200821
675,ADULT综合征,TP63,NM_003722.5(TP63):c.1010G>A,20200821
676,,MAGEL2,NM_019066.5(MAGEL2):c.1996dup,20200821
677,alpha-地贫,HBA,（--SEA/-α3.7）,20200821
678,,PAH,NM_000277.3(PAH):c.[442-1G>A];[728G>A],20200821
679,Pelizaeus-Merzbacher病,PLP1,NM_000533.5(PLP1):c.709T>G,20200821
680,,PCDH19,NM_001184880.2(PCDH19):c.1225G>T,20200821
681,甲基丙二酸血症,MMUT,NM_000255.4(MMUT):[c.433G>T];[c.2179C>T],20200821
682,,EXT2,NM_207122.2(EXT2):c.1171C>T,20200821
683,肾病综合征1型（NPHS1）,NPHS1,NM_004646.3(NPHS1):c.[616C>A];[2207T>C],20200821
684,,HBB,NM_000518.5(HBB):c.17_18del,20200821
685,毛细血管扩张性共济失调（AT）,ATM,NM_000051.3(ATM):c.[2872G>T];[8918_8929delinsTGT],20200821
686,,DMD,NM_004006.2(DMD):c.4483C>T ,20200821
687,乳腺癌,BRCA2,NM_000059(BRCA2):c.1296_1297insA,20200821
688,,EDNRB,NM_000115.5(EDNRB):c.[717_719delinsGACA];[483+3A>G],20200821
689,短肋胸廓发育不良3 型伴或不伴多指/趾畸形,DYNC2H1,NM_001080463.1(DYNC2H1):c.[727T>A];[9010C>T],20200821
690,,DACT1,NM_016651.6(DACT1):c.1135dup,20200821
691,,PKHD1,NM_138694.4(PKHD1):c.[10444C>T];[8851G>C],20200821
692,X连锁隐性肌管性肌病（XLMM）,MTM1,NM_000252.2(MTM1):c.[(63+1_64-1)_(136+1_213-1)]del,20200821
693,,SPINK5,NM_006846.4(SPINK5):c.[377_378del];[2468dup],20200821
694,ARG1,,,20200821
695,幼婴癫痫性脑病6型（EIEE6）,SCN1A,NM_001165963.2(SCN1A):c.4943G>A,20200821
696,,CYP17A1,NM_000102.4(CYP17A1):c.[1486C>T];[932_939del],20200821
697,,ETFDH,NM_004453.4(ETFDH):c.[244T>C];[1227A>C],20200821
698,全面发育迟缓伴或不伴智力发育受损 (AD ),CUX1,NM_181552.4(CUX1):c.24del,20200821
699,,KCNH2,NM_000238.4(KCNH2):c.1681G>A,20200821
700,,NF2,NM_000268.4(NF2):c.(114+1_115-1)_(*3796+1_?)del,20200821
701,Glass综合征,SATB2,NM_015265.3(SATB2):c.1244T>A,20200821
702,,EIF2B2,NM_014239.4(EIF2B2):c.[254T>A];[793_797del],20200821
703,SMA,SMN1,NM_000344.3(SMN1):c.(834+1_835-1)_(*577+1_?)del,20200821
704,多囊肾病1 型,PKD1,NM_001009944.2(PKD1):c.2387A>G ,20200821
705,,RELN,NM_005045.4(RELN):c.9904G>A,20200821
706,,BTK,NG_009616.1(BTK):c.839+4_839+7del,20200821
707,氨甲酰磷酸合成酶I 缺乏症(CPS1D),CPS1,NM_001875.4(CPS1):c.[2407C>G];[4088_4099del],20200821
708,,TSC1,NM_000368.4(TSC1):c.737+1G>A,20200821
709,,ERCC6,NM_000124.4(ERCC6):c.[2510G>A];[(?_-174-1)_(*4345+1_?),20200821
710,神经纤维瘤病I型(NF1),NF1,NM_000267.3(NF1):c.3113+1G>A,20200821
711,DMD ,DMD,E45-47DEL,20200821
712,,ADSL,NM_000026.4(ADSL):c.[5C>T];[778G>A],20200821
713,,MYBPC3,NM_000256.3(MYBPC3):c.3624del,20200821
714,,F8,NM_000132.3(F8):c.6407G>A,20200821
715,血友病B（HEMB）,F9,NM_000133.3(F9):c.71T>C ,20200821
716,,CTNND1,NM_001085458.2(CTNND1):c.2636C>A,20200821
717,,USH2A,NM_206933.4(USH2A):c.[5637delinsTT];[8559-2A>G],20200821
718,X-连锁 Alport 综合征1型,COL4A5,NM_000495.4(COL4A5):c.834+1G>C,20200821
719,,TREX1,NM_033629.6(TREX1):c.[433_437del];[341G>A],20200821
720,,MYO15A,NM_016239.4(MYO15A):c.[6845A>C];[4597-2A>G],20200821
721,多囊肾病1 型,PKD1,NM_001009944.2(PKD1):c.7863+1G>A,20200821
722,,F8,NM_000132.4(F8):c.205_206del,20200821
723,,FH,NM_000143.4(FH):c.1027C>T,20200821
724,常染色体隐性炎症性肠病28型（IBD28）,IL10RA,NM_001558.3(IL10RA):c.301C>T,20200821
725,,CHD7,NM_017780.4(CHD7):c.3303dup,20200821
726,,PKD2,NG_008604.1(PKD2):c.1094+1G>C,20200821
727,血友病B（HEMB）,F9,NM_000133.3(F9):c.1316del,20200821
728,DMD ,DMD,EX12-16DEL；NM_004006.2(DMD):c.[(1331+1_1332-1)_(1992+1_1993-1)del],20200821
729,DMD,DMD,EX51del；NM_004006.2(DMD):c.[(7309+1_7310-1)_(7542+1_7543-1)del],20200821
730,,COL2A1,NM_001844.5(COL2A1):c.2330G>C,20200821
731,,F9, NM_000133.4(F9):c.1136G>A,20200821
732,血友病A（HEMA）,F8,NM_000132.3(F8):c.1492G>A,20200821
733,,NPHS1, NM_004646.4(NPHS1):c.[616C>A];[1628-10C>A],20200821
734,,KMT2A, NM_001197104.2(KMT2A):c.3241C>T,20200821
735,LIG4综合征,LIG4,NM_002312.3(LIG4):c.[833G>T];[1144_1145del],20200821
736,,F8,NM_000132.3(F8):c.3911del,20200821
737,,SKI,NM_003036.4(SKI):c.94C>G,20200821
738,,TBC1D24,NM_001199107.1(TBC1D24):c.1274T>C,20200821
739,,BMPR2,NM_001204.7(BMPR2):c.1452G>A,20200821
740,,PKD1,NM_001009944.3(PKD1):c.1028C>G,20200821
741,家族性乳腺癌-卵巢癌易感性1型（BROVCA1）,BRCA1,NM_007294.3(BRCA1):c.3359_3363del,20200821
742,,SCN2A,NM_021007.3(SCN2A):c.3631G>A,20200821
743,,PKHD1, NM_138694.4(PKHD1):c.[6910C>T];[4199C>T],20200821
744,视网膜色素变性11型（RP11）,PRPF31,NM_015629.3(PRPF31):c.1101del,20200821
745,,TYR, NM_000372.5(TYR):c.[229C>G];[230_232dup],20200821
746,,POLR3A,NM_007055.4(POLR3A):c.[1781T>G];[2723A>T],20200821
747,Wiskott-Aldrich综合征（WAS）,WAS,NM_000377.2(WAS):c.330dup,20200821
748,,TGM1,NM_000359.3(TGM1):c.1586C>T,20200821
749,,KRT9,NM_000226.4(KRT9):c.488G>A,20200821
750,血友病A（HEMA）,F8,NM_000132.4(F8):c.6272A>G,20200821
751,,TSC2,NM_000548.5(TSC2):c.3095G>C,20200821
752,,DMD,NM_004006.3(DMD):c.10262+1G>A,20200821
753,Pelizaeus-Merzbacher病,PLP1,NM_000533.5(PLP1):c.94T>C,20200821
754,,GCH1,NM_000161.2(GCH1):c.150_156del,20200821
755,,F8,NM_000132.4(F8):c.[(143+1_144-1)_(787+1_788-1)del],20200821
756,DMD,DMD,EX56_77DUP,20200821
757,血友病A（HEMA）,F8,NM_000132.3(F8):c.1913G>T,20200821
758,,FGFR2,NM_000141.5(FGFR2):c.833G>T,20200821
759,DMD,DMD,EX51_55DEL,20200821
760,DMD,DMD,EX46_48DEL,20200821
761,,GJB2,NM_004004.5(GJB2):c.[235del];[235del],20200821
762,黏多糖贮积症Ⅵ型（MPS Ⅵ）,ARSB,NM_000046.3(ARSB):c.200T>G,20200821
763,颅脑发育异常,HESX1,NM_003865.2(HESX1):c.142A>T,20200821
764,,F8,NM_000132.4(F8):c.6574+1G>C,20200821
765,,CFTR,NM_000492.4(CFTR):c.[263T>G];[1766+5G>T],20200821
766,Duchenne氏肌营养不良（DMD）,DMD,NM_004006.2(DMD):c.3727_3728del,20200821
767,,IDS,NM_000202.8(IDS):c.495T>A,20200821
768,,PKD1,NM_001009944.3(PKD1):c.6506T>C,20200821
769,,CLPB ,NM_030813.4（CLPB):c.[736+5T>C];[736+2T>C],20200821
770, ,HBB,NM_000518.5(HBB):c.316-197C>T,20200821
771,,PKD1,NM_001009944.3(PKD1):c.11880_11950del,20200821
772,Duchenne氏肌营养不良（DMD）,DMD,NM_004006.2(DMD):c.4020C>G,20200821
773,,SHANK3,NM_033517.1(SHANK3):c.[(963+1_964-1)_(*1900_?)del],20200821
774,戊二酸血症（GCDH）,GCDH,NM_000159.3(GCDH):c.[406G>T];[437C>T],20200821
775,白内障2多种类型（CTRCT2）,CRYGC,NM_020989.3(CRYGC):c.423del,20200821
776,"肉碱软脂酰转移酶II缺乏症,婴儿型",CPT2,NM_000098.2(CPT2):c.896_906dup,20200821
777,"骨硬化症,常染色体隐性4（OPTB4）",CLCN7,NM_001287.5(CLCN7):c.[647_648dup];[1409C>T],20200821
778,"晶状体异位,家族性（ECTOL1）",FBN1,NM_000138.4(FBN1):c.7559C>T,20200821
779,,TSC2,,20200821
780,,NIPA1,,20200821
